table,label,model,scen,sector,subsector,service,techgroup,comgroup,topic,attr,prc,com,all_ts,regfrom,regto,year,vntg,unit,cur,aggregation
energy,sector,,,,,,,,energy,,,,ANNUAL,,,,,,,
emissions,sector,,,"HOU,EDH,IND,TRA,AFO",,,,"""ENV_CO2F,ENV_CO2P""",emission,f_out,,,ANNUAL,,,,,,,
map,com,,,,,,,,,f_out,TB*,,,,,,,,,
map,com,,,,,,,,energy,f_out,IMP*,,,,,,,,,
map,com,,,,,,,,energy,f_in,EXP*,,,,,,,,,
energy_subannual,techgroup,,,EDH,,,,,energy,f_out,,,(?!.*000).*,,,,,,,
energy_subannual_agg,techgroup,,,EDH,,,,,energy,f_out,,,(?!.*000).*,,,,,,,"techgroup,regfrom,regto"
elc_price,attr,,,,,,,,prices,mpri,,ELCC,(?!.*000).*,,,,,,,
capacity_map,prc,,,,,,,,capacity,tcap,,,,,,,,,,
